가다랑어,가다랑어포
가쓰오,가다랑어포
가다랭이포,가다랑어포
가다랑어포,가다랑어포
가다랑이포,가다랑어포
가리비,가리비
가리비관자,가리비
홍가리비,가리비
가자미,가자미
가지절임용,가지
가지,가지
가지양념,가지
가츠오부시,가츠오부시
간고등어,간고등어
다오네만능간장,간장
쯔유,간장
일반간장,간장
쯔유간장,간장
양파절임간장,간장
양조간장,간장
맛간장이,간장
다마리간장,간장
간장,간장
향신간장,간장
한식간장,간장
맛간장에,간장
조선간장,간장
중국간장,간장
집간장,간장
만능마늘간장,간장
쯔유소스,간장
초간장,간장
맛간장또는,간장
달래간장,간장
간장양념장,간장
간장이나,간장
가쓰오간장,간장
간장에,간장
간장절임,간장
간장게장,간장
국간장,간장
국간장이나,간장
만능맛간장,간장
산간장,간장
만능간장,간장
양념간장,간장
아기용간장,간장
집간장이나,간장
홍게간장,간장
쯔유나,간장
조림간장또는,간장
간장이용시,간장
훈연멸치간장,간장
간장베이스와,간장
데리야끼간장,간장
재래간장,간장
맛간장,간장
진간장,간장
조림간장,간장
알토란만능간장,간장
간장밥용,간장
백종원만능간장,간장
양조간장이나,간장
간장재래,간장
수제맛간장,간장
갈매기살,갈매기살
갈치속젓,갈치
갈치포머리,갈치
갈칫살,갈칫살
은갈치,갈치
갈치,갈치
먹갈치,갈치
감,감
감귤,감귤
감자탕,감자
식은감자튀김,감자
감자작은것,감자
감자와,감자
감자가루,감자
감자큰것,감자
감자작은거,감자
감자중,감자
알감자보다는,감자
감자전분,감자
햇감자,감자
작은감자,감자
감자큰거,감자
감자채,감자
애기감자,감자
통감자,감자
감자녹말,감자
감자전분가루,감자
감자,감자
으깬감자,감자
생감자,감자
냉동감자,감자
큰감자,감자
감자탕용,감자
자색감자,감자
알감자,감자
찐감자,감자
삶은감자,감자
감자칩,감자
홍감자,감자
감자중간크기,감자
감초,감초
갑오징어,갑오징어
신갓김치,갓
갓김치국물,갓
갓김치,갓
어린갓,갓
갓절임,갓
적갓,갓
홍갓,갓
갓,갓
갓김칫국물,갓
청갓,갓
돌산갓,갓
묵은갓김치,갓
강낭콩,강낭콩
강황가루,강황
강황,강황
강황바몬드,강황
생김,김
김,김
김밥용,김
마른김,김
김밥싸고,김
남은김밥재료,김
김가루,김
김치째개용,김
자른김,김
도시락김,김
김밥남은재료,김
김밥용햄,햄
튀김옷,김
김밥줄,김
김밥햄,햄
물김,김
김밥남은밥,김
자반김,김
김밥김,김
김밥용김,김
김밥,김
백김치,김치
삼각김밥용,김
김자반,김
삼각김밥,김
튀김,김
채썬김,김
김빠진,김
김밤용,김
김자른,김
조미김,김
건포도,건포도
건포도나,건포도
검정콩,검정콩
서리태검정콩,검정콩
계피설탕,계피
계피가루,계피
계핏가루,계피
통계피,계피
계피,계피
고구마전분,고구마
으깬고구마,고구마
고구마질기조절용,고구마
찐고구마,고구마
보라고구마,고구마
삶은고구마,고구마
고구마가,고구마
군고구마또는,고구마
고구마나,고구마
고구마가루,고구마
고구마,고구마
고구마줄기,고구마
고등어통조림국물,고등어
고등어,고등어
순살고등어,고등어
고등어통조림,고등어
손질고등어,고등어
생물고등어,고등어
자반고등어,고등어
생고등어,고등어
통조림고등어,고등어
캔고등어,고등어
고등어캔,고등어
고등어담금,고등어
고사리,고사리
고사리나물,고사리
마른고사리,고사리
말린고사리,고사리
건고사리,고사리
고수,고수
고수잎,고수잎
꽈리고추에,고추
청고추와,고추
홍고추,고추
고추장불고기,고추
애고추,고추
약고추장,고추
청양고추맛,고추
고추피클,고추
청양고추와,고추
실고추,고추
말린홍고추,고추
건홍고추,고추
붉은고추,고추
매운건고추,고추
붉은청양고추,고추
청고추,고추
중국고추장,고추
청양고추다진것,고추
쥐똥고추,고추
고추잎,고추
오이맛고추,고추
다진홍고추,고추
집고추장,고추
페퍼로치니,고추
홍고추와,고추
고추기름이나,고추
고추장아찌,고추
고추청이나,고추
건고추나,고추
마른고추,고추
페퍼론치노나,고추
마른고추나,고추
다진고추,고추
태국고추,고추
고추장,고추
마른붉은고추,고추
홍고추나,고추
당조고추,고추
고추,고추
마른홍고추,고추
송송썬청양고추,고추
청양홍고추,고추
말린고추씨,고추
페페론치노고추,고추
홍청양고추,고추
오이고추,고추
다진홍고추나,고추
고추씨,고추
고추기름,고추
청양고추,고추
아삭이고추,고추
청량고추,고추
베트남고추,고추
타이고추,고추
고추냉이,고추
꽈리고추,고추
매운고추,고추
페퍼로치노,고추
아삭고추,고추
처양고추,고추
청홍고추,고추
페퍼론치노,고추
다진청고추,고추
다진청홍고추,고추
홍고추또는,고추
꽈리고추나,고추
고추장용,고추
페퍼론치니,고추
다진홍청양고추,고추
월남고추,고추
말린고추,고추
채썬청양고추,고추
청양고추나,고추
고추가루와,고추
고추참치,고추
고추다진것,고추
빨간고추,고추
다진청양고추,고추
건고추,고추
골드키위,골드키위
골벵이,골뱅이
골뱅이,골뱅이
곶감,곶감
과메기,과메기
관자,관자
데친관자,관자
건관자,관자
냉동관자,관자
조개관자,관자
관자살,관자
구기자효소,구기자
구기자조청,구기자
구기자,구기자
구운김,구운김
굴림만두에,굴
굴려줄,굴
굴,굴
생굴,굴
굴은,굴
굴씻을,굴
석화,굴
굴세척용,굴
굴비,굴비
귀리,귀리
금귤,금귤
기장,기장
깻잎이나,깻잎
다진깻잎,깻잎
깻잎씻는,깻잎
깻잎순,깻잎
깻잎채,깻잎
깻잎,깻잎
소꼬리,꼬리
꼬리,꼬리
소꼬리육수,꼬리
삶은꼬막,꼬막
피꼬막,꼬막
자숙피꼬막,꼬막
꼬막살,꼬막
꼬막해감용,꼬막
꼬막,꼬막
사조꽁치,꽁치
꽁치통조림,꽁치
통조림꽁치,꽁치
꽁치통조림국물,꽁치
꽁치,꽁치
꽁치캔,꽁치
꽃게,꽃게
꽃게용,꽃게
곰피,곰피
낙지볶음,낙지
산낙지,낙지
낙지,낙지
낫토,낫토
냉이,냉이
삶은냉이,냉이
다진냉이,냉이
녹두로만든도우,녹두
녹두로만든,녹두
녹두와,녹두
녹두,녹두
녹차가루,녹차가루
농어,농어
느타리,느타리버섯
애기느타리버섯,느타리버섯
애느타리버섯,느타리버섯
참느타리버섯,느타리버섯
느타리버섯,느타리버섯
느타리나,느타리버섯
능이버섯,능이버섯
참다래,다래
다래,다래
우렁살,다슬기
우렁이살,다슬기
우렁,다슬기
우렁이,다슬기
다슬기,다슬기
다시마육수,다시마
소고기다시마,다시마
멸치다시마물,다시마
멸치다시마육수,다시마
다시마우린물,다시마
다시마우린,다시마
다시마물이나,다시마
다시마물,다시마
자른다시마,다시마
다시마와,다시마
조각다시마,다시마
다시마밑국물,다시마
멸치다시마,다시마
다시마맛간장,다시마
멸치다시마국물,다시마
멸치다시마황태육수,다시마
멸치다시마티백,다시마
건다시마,다시마
다시마국물,다시마
다시마멸치육수,다시마
육수용다시마,다시마
표고다시마,다시마
마른다시마,다시마
다시마채,다시마
다시마,다시마
단감,단감
삶은단호박,단호박
단호박,단호박
찐단호박,단호박
미니단호박,단호박
으깬단호박,단호박
단호박이나,단호박
날계란,달걀
에그,달걀
계란지단,달걀
달걀물용,달걀
달걀이,달걀
계란,달걀
달걀지단,달걀
계란용,달걀
실온달걀,달걀
댤걀,달걀
달걀,달걀
달걀물이나,달걀
계란노른자,달걀
달걀장,달걀
구운계란,달걀
달걀물,달걀
계란후라이,달걀
달걀노른자,달걀
구운달걀,달걀
달걀조림,달걀
실온에둔달걀,달걀
달걀흰자,달걀
유정란,달걀
삶은계란,달걀
계란물,달걀
계란흰자,달걀
달걀후라이,달걀
삶은달걀,달걀
대파또는달래,달래
달래,달래
닭고기로,닭
닭고기살,닭
닭고기용,닭
바른닭고기,닭
닭고기육수,닭
닭고기,닭
동우바른닭고기,닭
닭고기안심,닭
당귀,당귀
당근또는,당근
당근과,당근
채썬당근,당근
당근슬라이스,당근
다진당근,당근
미니당근,당근
당근,당근
당근채,당근
작은당근,당근
당면사리,당면
당면,당면
불린당면,당면
남은잡채당면,당면
당면삶는,당면
납작당면,당면
자른당면,당면
중국당면,당면
당면데치기용,당면
당면볶을때,당면
대게살,대게
대게백,대게
대게,대게
대구포나,대구
생대구,대구
대구,대구
대두,대두
마른대추,대추
흑대추,대추
말린대추,대추
대추,대추
생대추,대추
건대추,대추
대하,대하
대하장,대하
건대하,대하
대하새우,대하
대합,대합
더덕,더덕
더덕양념용,더덕
도라지나물,도라지
통도라지,도라지
도라지,도라지
돌나물,돌나물
돼지고기다진것,돼지고기
돼지고기완자,돼지고기
돼지고기갈은,돼지고기
돼지고기삼겹살,돼지고기
돼지고기오겹살,돼지고기
돼지고기안심,돼지고기
돼지고기등뼈,돼지고기
돼지고기목삼겹,돼지고기
선진포크돼지고기,돼지고기
돼지고기앞다리살,돼지고기
돼지고기어깨살,돼지고기
돼지고기수육,돼지고기
돼지고기숙주볶음양념,돼지고기
갈은돼지고기,돼지고기
돼지고기등갈비,돼지고기
돼지고기찌개용,돼지고기
카레용돼지고기,돼지고기
국내산돼지고기햄,돼지고기
밑간한돼지고기,돼지고기
돼지고기목살밎삽겹살,돼지고기
돼지고기삽겹살,돼지고기
돼지고기앞다리,돼지고기
남은돼지고기,돼지고기
대패돼지고기목살,돼지고기
돼지고기다짐육,돼지고기
돼지고기수육용,돼지고기
돼지고기채,돼지고기
슬라이스돼지고기,돼지고기
아베리코돼지고기목살,돼지고기
동물복지인증돼지고기,돼지고기
돼지고기장조림,돼지고기
돼지고기통삼겹,돼지고기
돼지고기껍데기,돼지고기
돼지고기양념양조,돼지고기
돼지고기갈아서,돼지고기
돼지고기갈은것,돼지고기
말린돼지고기,돼지고기
돼지고기볶을용도식용유,돼지고기
돼지고기목,돼지고기
돼지고기간거,돼지고기
돼지고기삶은물,돼지고기
간돼지고기,돼지고기
시골흑돼지고기,돼지고기
목살돼지고기,돼지고기
살코기돼지고기,돼지고기
돼지고기간것,돼지고기
돼지고기잡채용,돼지고기
돼지고기앞다릿살,돼지고기
삶은돼지고기,돼지고기
돼지고기항정살,돼지고기
멧돼지고기,돼지고기
보쌈용돼지고기,돼지고기
시판용돼지고기양념장,돼지고기
돼지고기김치두루치기,돼지고기
돼지고기민찌,돼지고기
돼지고기묵살,돼지고기
돼지고기양념,돼지고기
돼지고기양념갈비,돼지고기
돼지고기장조림용,돼지고기
돼지고기삼겹덩어리,돼지고기
쇠고기나돼지고기장조림,돼지고기
돼지고기불고깃감,돼지고기
완자용돼지고기,돼지고기
돼지고기뒷다리살,돼지고기
돼지고기뒷다리,돼지고기
돼지고기민찌와,돼지고기
돼지고기양념용,돼지고기
돼지고기다짐육양념,돼지고기
찌게용돼지고기,돼지고기
돼지고기산적,돼지고기
다진돼지고기,돼지고기
돼지고기갈비살,돼지고기
돼지고기갈은거,돼지고기
돼지고기용,돼지고기
갈아낸돼지고기,돼지고기
돼지고기살코기,돼지고기
돼지고기볶음,돼지고기
돼지고기불고기,돼지고기
돼지고기등심또는,돼지고기
소고기나돼지고기,돼지고기
돼지고기삶은,돼지고기
돼지고기목심,돼지고기
돼지고기볶음고추장,돼지고기
돼지고기,돼지고기
돼지고기생목살,돼지고기
돼지고기등심,돼지고기
돈까스용돼지고기,돼지고기
구이용돼지고기,돼지고기
돼지고기와,돼지고기
국내산돼지고기돼지족,돼지고기
기름적은돼지고기,돼지고기
돼지고기목살,돼지고기
돼지고기다짐,돼지고기
분쇄육돼지고기,돼지고기
돼지고기갈비,돼지고기
돼지고기갈비양념장,돼지고기
장조림용돼지고기,돼지고기
돼지고기사태,돼지고기
제육볶음돼지고기,돼지고기
대패돼지고기,돼지고기
만두용돼지고기,돼지고기
다짐돼지고기,돼지고기
된장박이,된장
된장,된장
미소된장,된장
재래된장,된장
집된장,된장
재래된장과,된장
된장이나,된장
다담된장찌개,된장
일본된장,된장
시판된장,된장
두릅,두릅
두릅양념,두릅
두리안,두리안
두부,두부
튀긴두부,두부
백종원두부조림,두부
두부밑간용소금,두부
두부절임용,두부
부침용두부,두부
으깬두부,두부
두부밑간용,두부
부침두부,두부
두부참치,두부
두부구울,두부
땅콩,땅콩
으깬땅콩,땅콩
생땅콩,땅콩
땅콩분태,땅콩
땅콩가루,땅콩
땅콩다진것,땅콩
다진땅콩,땅콩
땅콩잼,땅콩
땅콩조림,땅콩
볶은땅콩,땅콩
땅콩소스,땅콩
라임,라임
라임즙대신,라임
라임주스,라임
라임쥬스,라임
라임이나,라임
프라임비엔나,라임
프라임살코기,라임
프라임프랑크,라임
라임즙,라임
라임혹은,라임
라임청,라임
메티에라즈베리향시럽,라즈베리
라즈베리퓨레,라즈베리
라즈베리쨈,라즈베리
라즈베리잼,라즈베리
라즈베리,라즈베리
래디시,래디시
레몬제스트,레몬
레몬즙이나,레몬
레몬,레몬
레몬슬라이스,레몬
레몬맛,레몬
레몬주스,레몬
레몬즙,레몬
레몬청,레몬
메티에레몬향시럽,레몬
슬라이스레몬,레몬
레몬시럽,레몬
레몬엑기스,레몬
레몬껍질,레몬
레몬쥬스,레몬
렌틸콩,렌틸콩
로즈마리잎,로즈마리
다진로즈마리,로즈마리
건로즈마리,로즈마리
로즈마리,로즈마리
로즈마리혹은,로즈마리
로즈마리가루,로즈마리
생로즈마리,로즈마리
리코타,리코타
리코타치즈,리코타
마스카르포네,치즈
마,마
마른새우,새우
마스카포네,치즈
파르마지오,치즈
파마산가루,치즈
마른표고,표고버섯
파마산,치즈
마요네스,마요네즈
마른건새우,새우
마아가린,버터
파마잔,치즈
마요,마요네즈
마시는요거트,요구르트
마일드스팸,햄
마른대파,파
마차가루,녹차
마스카모네,치즈
파르마산,치즈
마늘양파,마늘
다진마늘,마늘
마늘햄비엔나,햄
통마늘,마늘
마늘쫑,마늘종
깐마늘,마늘
다진마늘과,마늘
마늘가루,마늘
간마늘,마늘
마늘즙,마늘
마늘칩용,마늘
생마늘,마늘
슬라이스마늘,마늘
통마늘이나,마늘
두쪽마늘다진것,마늘
마늘쫑에,마늘종
풋마늘대,마늘
풋마늘,마늘
마늘파우더,마늘
마늘다진거,마늘
마늘생강,마늘
양파마늘,양파
구운마늘,마늘
편썬마늘,마늘
마늘간것,마늘
마늘과,마늘
마늘다진것,마늘
냉동다진마늘,마늘
마늘크기,마늘
의성마늘,마늘
마늘,마늘
편마늘,마늘
의성마늘후랑크,소시지
하선정다진마늘,마늘
다진풋마늘대,마늘
마늘허브,마늘
마늘가루또는,마늘
으깬마늘,마늘
채썬마늘,마늘
다짐마늘,마늘
썬마늘,마늘
굵게다진마늘,마늘
흑마늘,마늘
마늘종장아찌,마늘종
마늘종,마늘종
마요네즈,마요네즈
마요네즈와,마요네즈
망고발사믹크림,망고
망고푸레,망고
다진망고,망고
망고퓨레,망고
망고잼,망고
망고쨈,망고
망고,망고
망고스틴,망고스틴
매생이,매생이
소고기매생이국,매생이
매실청또는,매실
매실이나,매실
백설매실청,매실
설탕또는매실액,매실
매실청,매실
매실액,매실
매실액기스,매실
매실,매실
매실진액,매실
매실청에서,매실
매실즙,매실
매실당,매실
매실원액,매실
매실주,매실
매실엑기스,매실
멍게,멍게
메밀면,메밀
메밀소바라면,메밀
메밀묵,메밀
메밀국수,메밀
메밀,메밀
메주콩,메주콩
깐메추리알,메추리알
메추리알,메추리알
메추리,메추리알
졸인메추리알,메추리알
메추리알통,메추리알
메츄리알,메추리알
삶은메추리알,메추리알
메추리알장조림,메추리알
멸치랑,멸치
국물멸치,멸치
멸치건새우육수,멸치
멸치또는,멸치
멸치육수,멸치
굵은멸치,멸치
멸치다싯물,멸치
멸치다시팩,멸치
멸치육수용,멸치
실멸치,멸치
건멸치,멸치
멸치나,멸치
멸치다시,멸치
멸치액젓,멸치
멸치다시다,멸치
멸치다시백,멸치
다시멸치,멸치
멸치다,멸치
국멸치,멸치
멸치디포리,멸치
멸치디포리육수,멸치
멸치액젖,멸치
멸치,멸치
육수멸치,멸치
멸치다시다육수,멸치
중멸치,멸치
멸치다시육수,멸치
멸치볶을때,멸치
육수용멸치,멸치
마른멸치,멸치
멸치가루,멸치
국물용멸치나,멸치
멸치다시물,멸치
국물용멸치,멸치
다진멸치,멸치
황태멸치,멸치
멸치야채,멸치
지리멸치,멸치
다시멸치육수,멸치
멸치다시국물,멸치
멸치야채육수,멸치
멸치액젓이나,멸치
다시용멸치,멸치
멸치국물,멸치
명란,명란
명란젓,명란
명란젓갈,명란
손질된명태살,명태
명태살,명태
명태,명태
명태알,명태
명태곤,명태
명태채,명태
명태껍질,명태
명태살전,명태
냉동명태,명태
냉동명태알,명태
명태살큐브,명태
명태포,명태
냉동명태포,명태
북어나명태포,명태
통명태,명태
명태머리,명태
냉동명태이리,명태
명태전,명태
모과,모과
모시조개,모시조개
모짜렐라,모짜렐라
모짜렐라치즈슬라이스,모짜렐라
모짜렐라치즈,모짜렐라
모짜렐라볼,모짜렐라
모짜렐라피자치즈,모짜렐라
냉모짜렐라,모짜렐라
생모짜렐라치즈,모짜렐라
슬라이스모짜렐라치즈,모짜렐라
슬라이스치즈또는모짜렐라치즈,모짜렐라
슬라이스모짜렐라,모짜렐라
모짜렐라슬라이스치즈,모짜렐라
슈레드모짜렐라,모짜렐라
무생채,무
작은무,무
알타리무,무
단무지,무
큰무,무
무절일,무
무즙,무
무우절임용,무
단무지는,단무지
다진단무지,단무지
말린무,무
무채,무
무우순,무
무슈구슈,무
무소박이,무
무침,무
무당,무
무우,무
무치면,무
봄나물무침용,무
쌈무,무
무쌈,무
치자단무지,단무지
무,무
꼬들단무지,단무지
무는,무
무피클,무
무맛,무
단무지와,단무지
무친,무
무밑간용,무
통단무지,단무지
무초절임,무
녹인무염,무
채썬무,무
나박썬무,무
무말랭이,무말랭이
베이비채소무순,무순
무순,무순
무청,무청
무청시레기,무청
데친무청,무청
말린무화과,무화과
무화과,무화과
건무화과,무화과
가문어,문어
생물돌문어,문어
자숙문어다리,문어
문어숙회,문어
건문어,문어
돌문어,문어
생문어,문어
자숙문어,문어
문어다리,문어
문어,문어
통가문어,문어
물미역,물미역
돌미나리,미나리
미나리,미나리
미나리소고기말이구이,미나리
미더덕,미더덕
말린미역,미역
미역불린,미역
건조미역,미역
자른미역,미역
건미역,미역
미역씻을때,미역
미역,미역
불린미역,미역
미역데칠때,미역
마른미역,미역
생미역,미역
미역귀,미역귀
페퍼민트,민트
민트잎,민트
민트,민트
우밀백,밀
통밀또띠아,밀
우리밀부침가루,밀가루
밀떡,떡
밀,밀
칠갑농산우리밀,밀
밥스레드밀,밀
우리밀백,밀
우리밀,밀
통밀,밀
밀떡볶이,떡
우리밀운동본부,밀
밀싹,밀
우리밀박력분,밀가루
오뚜기정통밀,밀
밀크,우유
우리밀통밀가루,밀가루
우리백밀가루,밀가루
덧밀가루용,밀가루
통밀가루,밀가루
밀가루,밀가루
덧밀가루,밀가루
밀가루나,밀가루
밀가루떡볶이떡,떡
박력분,밀가루
밀가루박력분,밀가루
박력밀가루,밀가루
박력분밀가루,밀가루
우리통밀가루,밀가루
찰밀가루,밀가루
중력분,중력분
백설밀가루,밀가루
밀가루강력분,밀가루
우리밀가루,밀가루
백설찰밀가루,밀가루
강력분,강력분
밀가루중력분,밀가루
밀가루풀,밀가루
밀가루와,밀가루
바나나맛,바나나
얼린바나나,바나나
바나나우유,우유
으깬바나나,바나나
몽키바나나,바나나
바나나,바나나
바지락,바지락
바지락조개살,바지락
바지락살,바지락
냉동바지락,바지락
바지락조개,바지락
바지락육수,바지락
바질,바질
생바질,바질
바질쿠키,바질
스위트바질,바질
다진바질,바질
바질이나,바질
바질가루나,바질
건바질,바질
바질맛,바질
바질잎,바질
바질가루,바질
생바질잎,바질
군밤,밤
깐밤,밤
삶은밤,밤
알밤,밤
맛밤,밤
밤에,밤
밤,밤
밤잼,밤
밤과,밤
생밤,밤
하룻밤,밤
단밤,밤
밤고구마,밤고구마
배,배
배즙,배
팥배기,배
배와,배
다진배,배
배즙이나,배
배쥬스,배
배즙과,배
배기류,배
배농축,배
달인배즙,배
크랜배리나,배
배농축액,배
속배기,배
배춧잎,배추
배추절일,배추
비비고썰은배추김치,김치
비비고배추김치,김치
쌈배추,배추
배추,배추
속배추,배추
채썬배추,배추
배추쌈,배추
익은배추김치,김치
배추절임용,배추
배추김치,김치
미니배추,배추
절임배추,배추
배추속,배추
배추절임,배추
알배기배추,배추
알배추,배추
배추또는,배추
단배추,배추
씻은배추,배추
배추잎,배추잎
백포도주,백포도주
백태,백태
백태콩,백태
버터크림용,버터
실온버터,버터
가염버터,버터
버터구이,버터
버터,버터
필링용버터,버터
버터롤이나,버터
무염버터의,버터
차가운버터,버터
녹인버터,버터
버터나,버터
녹인버터나,버터
무염버터,버터
피넛버터,버터
실온의버터,버터
실온에둔무염버터,버터
찬버터,버터
스틱형버터,버터
연유버터용,버터
벌꿀,벌꿀
벌꿀발효,벌꿀
버찌,버찌
병어,병어
보리가루,보리
건보리,보리
보리,보리
찰보리,보리
생보리,보리
보리수,보리
백도복숭아,복숭아
복숭아잼,복숭아
황도복숭아,복숭아
복숭아,복숭아
복숭아쨈,복숭아
쇠고기부채살,부채살
부채살,부채살
소부채살,부채살
부추와,부추
부추봉,부추
영양부추,부추
부추를,부추
다진부추,부추
부추나,부추
솔부추,부추
솔부추다진것,부추
일반부추,부추
부추,부추
호부추,부추
북어대가리,북어
북어채,북어
통북어,북어
북어나,북어
북어포껍질,북어
북어,북어
북어포,북어
북어천연조미료,북어
북어육수,북어
북어불린,북어
붕어,붕어
붕장어,붕장어
브로코리,브로콜리
데친브로콜리,브로콜리
브로콜리,브로콜리
브로컬리,브로콜리
브로커리,브로콜리
다진브로콜리,브로콜리
브로코리와,브로콜리
생블루베리,블루베리
블루베리잼,블루베리
블루베리시럽,블루베리
말린블루베리,블루베리
냉동블루베리,블루베리
건블루베리,블루베리
블루베리쨈,블루베리
블루베리소,블루베리
블루베리,블루베리
건조블루베리,블루베리
비트,비트
코코비트,비트
레드비트,비트
빙어,빙어
뿔소라,뿔소라
사골육수,사골
사골곰탕,사골
사골국물,사골
돼지사골육수,사골
사골분말,사골
인스턴트사골곰탕,사골
사골,사골
사골국,사골
한우사골,사골
사골육수또는,사골
사과청,사과
사과필링,사과
미니사과,사과
사과나,사과
갈은사과,사과
사과즙,사과
사과잼,사과
사과발효액,사과
사과반개,사과
오뚜기사과,사과
사과쨈,사과
사과말랭이,사과
사과즙과,사과
다진사과,사과
사과액,사과
천연사과,사과
풋사과,사과
말린사과,사과
사과쨈설탕,사과
사과,사과
사과용,사과
살구잼,살구
살구쨈,살구
살구퓨레,살구
살구,살구
살라미햄,살라미
살라미,살라미
쇠고기살치살,살치살
살치살,살치살
소고기살치살,살치살
삼겹살,삼겹살
통삼겹살,삼겹살
냉동대패삼겹살,삼겹살
한돈대패삼겹살,삼겹살
돼지삼겹살,삼겹살
대패삼겹살,삼겹살
삼겹살또는,삼겹살
냉동삼겹살,삼겹살
근대,근대
상추,상추
상추나,상추
청상추,상추
상추와,상추
상추와쌈채소,상추
상추잎,상추잎
새꼬막,새꼬막
미니새송이버섯,새송이버섯
꼬마새송이버섯,새송이버섯
새송이버섯,새송이버섯
새조개,새조개
다진샐러리,샐러리
샐러리,샐러리
생강시럽,생강
생강맛술또는,생강
생강가루,생강
생강다진것,생강
생강다진거,생강
생강,생강
간생강,생강
생강즙이나,생강
생강청이나,생강
통생강,생강
다진생강,생강
생강파우더,생강
햇생강,생강
생강술,생강
생강즙,생강
저민생강,생강
생강술또는,생강
생강조청,생강
생강청주,생강
생강가루나,생강
생강과파를,생강
생강편,생강
생강술이나,생강
생강청,생강
다진생강이나,생강
생강분,생강
생강이나,생강
생강원액,생강
생강액기스,생강
편생강,생강
생강채,생강
생크림요거트,생크림
생크림과,생크림
동물성생크림,생크림
가당생크림,생크림
생크림,생크림
생크림이나,생크림
서대,서대
서리태콩,서리태
서리태,서리태
석류,석류
석류즙,석류
선지,선지
백설스위트리자일로스설탕,설탕
자일로스설탕,설탕
과립설탕,설탕
백설자일로스설탕,설탕
설탕,설탕
유기농황설탕,설탕
비정제황설탕,설탕
팥설탕조림,설탕
우박설탕,설탕
가루설탕,설탕
백설탕,설탕
비정제설탕,설탕
마스코바도설탕,설탕
백설스위트리알룰로스설탕,설탕
하얀설탕,설탕
갈색설탕,설탕
설탕이나,설탕
수수설탕,설탕
설탕물에,설탕
유기농설탕,설탕
각설탕,설탕
충전용황설탕,설탕
설탕가루,설탕
설탕또는,설탕
흰설탕,설탕
황색설탕,설탕
황설탕이나,설탕
데코용설탕,설탕
비정제유기농설탕,설탕
설탕이나꿀,설탕
설탕시럼또는,설탕
무설탕,설탕
설탕과,설탕
잼설탕,설탕
충전용설탕,설탕
설탕또는물엿,설탕
유기농비정제설탕,설탕
황설탕,설탕
설탕시럽,설탕
막대설탕,설탕
셀러리,셀러리
소고기갈은것,소고기
소고기채끝,소고기
소고기양지살,소고기
소고기찌개용,소고기
불고기감소고기,소고기
볶은소고기,소고기
채썬소고기,소고기
육전용소고기,소고기
소고기분말,소고기
소고기고추장,소고기
냉동소고기,소고기
남은소고기전골,소고기
소고기불고기감,소고기
국거리용소고기,소고기
소고기우둔,소고기
각종채소고기,소고기
소고기구잇감,소고기
소고기무국재료,소고기
소고기탕국,소고기
소고기간것,소고기
국거리소고기,소고기
국물용소고기,소고기
간소고기,소고기
소고기불고기,소고기
소고기안심,소고기
소고기밑간,소고기
소고기육포,소고기
소고기장조림,소고기
소고기불고깃감,소고기
소고기감치미,소고기
장조림소고기,소고기
장조림용소고기,소고기
소고기,소고기
소고기불고기용,소고기
삶은소고기,소고기
소고기다진것,소고기
소고기민찌,소고기
간소고기또는,소고기
소고기국거리,소고기
다진소고기,소고기
소고기불고기거리,소고기
소고기채끝살,소고기
마라소고기,소고기
소고기갈은거,소고기
소고기사태살,소고기
불고기용소고기,소고기
소고기볶음,소고기
소고기완자,소고기
양념소고기불고기,소고기
소고기등심잘게썬것,소고기
소고기사태,소고기
소고기설도살,소고기
소고기샤브샤브,소고기
카레용소고기,소고기
소고기다짐,소고기
소고기산적,소고기
소고기스테이크용,소고기
소고기갈아놓은것,소고기
슬라이스소고기,소고기
소고기한우채끝살,소고기
소고기구이용,소고기
볶음소고기,소고기
익힌소고기,소고기
소고기설도,소고기
소고기스테이크,소고기
소고기갈비,소고기
소고기육수,소고기
소고기목심,소고기
소고기쌈장,소고기
소고기고추장볶음,소고기
소고기우둔살,소고기
소고기라면,소고기
소고기갈비살,소고기
산적용소고기,소고기
소고기한우,소고기
소고기용,소고기
소고기목심불고깃감,소고기
소고기맛,소고기
갈은소고기,소고기
소고기뱃살,소고기
양념한소고기,소고기
소고기채끝등심,소고기
소고기홍두깨살,소고기
소고기양지,소고기
소고기다시다,소고기
찜용소고기,소고기
소고기홍두께살,소고기
소고기삶은것,소고기
비비고소고기장터국,소고기
두꺼운스테이크용소고기,소고기
시판소고기,소고기
전골용소고기,소고기
소고기홍두깨,소고기
스테이크용한우소고기,소고기
한우소고기채끝,소고기
소고기볶음고추장,소고기
소고기간거,소고기
소고기혹은,소고기
소고기나,소고기
만능소고기,소고기
소고기양념,소고기
소고기장조김,소고기
소고기등심,소고기
소고기다시다조금,소고기
꼬지용소고기,소고기
소고기홍두께쌀,소고기
소고기또는,소고기
소고기슬라이스,소고기
한우소고기,소고기
소고기무국,소고기
소고기다짐육,소고기
소고기앞다리,소고기
소고기편육,소고기
스테이크용소고기,소고기
구이용소고기,소고기
양념소고기,소고기
안데스산소금,소금
소금에절인,소금
허브맛솔트,소금
허브쏠트,소금
소금과,소금
소금약간,소금
소금삭힌,소금
천연맛소금,소금
꽃소금,소금
볶은소금,소금
소금물,소금
소금,소금
소금간한,소금
허브소금,소금
소금넣고,소금
소금간된,소금
소금으로,소금
허브솔트나,소금
소금에,소금
가는소금이나,소금
허브맛소금,소금
깨소금,소금
구운소금,소금
허브솔트,소금
소금물은,소금
간수뺀소금,소금
허브솔트약간,소금
가는소금,소금
맛소금,소금
함초소금,소금
소금물에,소금
오이용소금,소금
소금간,소금
소금한꼬집,소금
고운소금,소금
소금이나,소금
굵은소금,소금
간이심심할땐소금,소금
굵소금,소금
맛소금이나,소금
오천년의신비구운소금,소금
소라,소라
한돈후랑크소시지,소시지
비엔나소시지,소시지
소시지,소시지
긴소세지,소시지
프랑크소시지,소시지
킬바사,소시지
후랑크소시지,소시지
그릴후랑크,소시지
프랭크소세지,소시지
프랑크소세지,소시지
프랭크,소시지
그릴비엔나,소시지
송어,송어
큰송이,송이
백만송이,송이
새송이,송이
세송이,송이
송이,송이
애송이,송이
양송이,송이
백일송이,송이
미니새송이,송이
양송이나,송이
미니송이,송이
참송이,송이
백만송이버섯,송이
송이버섯,송이
황금맛송이버섯,송이
참송이버섯,송이
황금송이버섯,송이
송화,송화
수박,수박
수박껍질,수박
비정제수수당,수수
수수,수수
유기농비정제수수당,수수
찰수수,수수
숙주나물,숙주나물
순두부,순두부
순두부양념장,순두부
순무,순무
순무김치,순무
스위티,스위티
데친시금치,시금치
시금치데치는,시금치
시금치,시금치
시금치양념,시금치
시금치나물,시금치
시나몬가루,시나몬
시나몬파우더,시나몬
시나몬,시나몬
시래기나물,시래기
건시래기,시래기
시래기,시래기
삶은무청시래기,시래기
무청시래기,시래기
삶은시래기,시래기
실파나,실파
송송썬실파,실파
실파,실파
대파또는실파,실파
채썬실파,실파
불린쌀,쌀
쌀떡볶이,쌀
찹쌀물,쌀
오뚜기찹쌀,쌀
흰쌀,쌀
오뚜기우리쌀,쌀
찹쌀순대,쌀
쌀식빵,쌀
쌀뜻,쌀
쌀,쌀
찹쌀엿,쌀
멥쌀이나,쌀
불린찹쌀,쌀
백설찹쌀호떡믹스,쌀
쌀뜬물,쌀
멥쌀,쌀
찹쌀불린,쌀
쌀과,쌀
쌀국수소스,쌀
쌀밥,쌀
흰쌀밥,쌀
검은쌀,쌀
쌀떡,쌀
찹쌀풀용,쌀
쌀떡볶이떡,쌀
쌀엿,쌀
쌀부침가루,쌀
맵쌀,쌀
쌀뜨물,쌀
찹쌀,쌀
쌀국수,쌀
쌀국수면,쌀
불린쌀이나,쌀
백설찹쌀,쌀
우리쌀,쌀
찹쌀풀,쌀
쌈장,쌈장
쑥갓,쑥갓
씀바귀,씀바귀
아마씨유,아마
아마씨,아마
아마씨드,아마
아마,아마
아몬드가루,아몬드
슬라이스아몬드,아몬드
다진아몬드,아몬드
아몬드,아몬드
아몬드분태,아몬드
아몬드슬라이스,아몬드
볶은아몬드분태,아몬드
아몬드향시럽,아몬드
아몬드밀크,아몬드
백아몬드,아몬드
아몬드파우더,아몬드
통아몬드,아몬드
아몬드가,아몬드
슬라이스아몬드와,아몬드
아몬드나,아몬드
아몬드맛,아몬드
아몬드분말,아몬드
아보카도오일,아보카도
아보카도,아보카도
아스파라거스,아스파라거스
아오리사과,아오리사과
아카시아,아카시아
안창살,안창살
애플망고,애플망고
애플민트,애플민트
다진애호박,애호박
마른애호박,애호박
애호박,애호박
앵두,앵두
미니방울양배추,양배추
채썬양배추,양배추
보라양배추,양배추
꼬마양배추,양배추
미니양배추,양배추
방울양배추,양배추
양배추깻잎,양배추
삶은양배추,양배추
양배추쌈,양배추
양배추와,양배추
다진양배추,양배추
양배추즙,양배추
양배추,양배추
자색양배추,양배추
양배추채,양배추
양상추나,양상추
양상추,양상추
양송이버섯,양송이버섯
양파껍질,양파
발사믹드레싱양파,양파
양파청,양파
양파큰거,양파
간양파,양파
양파중사이즈,양파
양파갈은것,양파
양파맛,양파
채썬양파,양파
양파반개,양파
다진양파,양파
양파슬라이스,양파
양파초절임,양파
채친적양파,양파
큰양파,양파
절인양파,양파
양파외,양파
작은양파,양파
자색양파,양파
양파뿌리,양파
양파작은거,양파
양파채,양파
양파큰것,양파
미니양파,양파
대파나양파,양파
갈은양파,양파
양파중간크리,양파
통양파,양파
양파링용,양파
양파시즈닝,양파
양파와,양파
양파작은것,양파
양파전,양파
양파채썬,양파
양파즙내고,양파
붉은양파,양파
양파피클,양파
양파대,양파
양파중간사이즈,양파
양파액,양파
양파순,양파
양파원액,양파
말린양파,양파
양파즙,양파
양파껍질채,양파
양파껍질말린거,양파
적양파,양파
건양파,양파
깐적양파,양파
양파속껍질,양파
양파중,양파
깐양파,양파
양파파우더,양파
양파다진거,양파
자주색양파,양파
양파다진것,양파
마른양파,양파
양파,양파
양파간것,양파
양파중간크기,양파
보라색양파,양파
양파말랭이,양파
다진적양파,양파
볶은양파,양파
양파다짐,양파
적색양파,양파
저민양파,양파
양파나,양파
햇양파,양파
짜투리양파,양파
찐어묵,어묵
납작어묵,어묵
사각어묵,어묵
야채어묵,어묵
어묵,어묵
죽봉어묵,어묵
부산어묵,어묵
어묵스프,어묵
어묵꼬치,어묵
판어묵,어묵
삼진어묵,어묵
봉어묵,어묵
볼어묵,어묵
어묵탕,어묵
모둠어묵,어묵
어묵졸이고마지막,어묵
어묵탕용,어묵
네모어묵,어묵
어묵이나,어묵
업진살,업진살
임연수,임연수
연,연
연근,연근
연근샐러드,연근
연두부,연두부
사조연어,연어
연어캔,연어
생연어,연어
동원연어콜드스모크,연어
연어,연어
연어통조림,연어
동원연어,연어
알래스카연어현미유,연어
제일제당알래스카연어현미유,연어
연어참치캔,연어
캔연어,연어
훈제연어,연어
연잎,연잎
열무,열무
어린열무,열무
열무김치나,열무
열무김치,열무
열무얼갈이,열무
열무데칠때,열무
열무김치국물,열무
열무물김치,열무
데친열무,열무
오골계,오골계
오디즙,오디
오디,오디
오디엑기스,오디
오렌지술,오렌지
오렌지과육,오렌지
오렌지즙,오렌지
오렌지,오렌지
오렌지색,오렌지
오렌지슬라이스,오렌지
오렌지잼이나,오렌지
훈제오리,오리고기
오리고기,오리고기
오리훈제,오리고기
오리안심,오리고기
오리고기훈제,오리고기
생오리고기,오리고기
훈제오리고기,오리고기
오미자청,오미자
오미자액,오미자
오미자,오미자
다진오이피클,오이
오이지,오이
오이절일,오이
오이나,오이
오이,오이
오이채,오이
오이절임,오이
취청오이,오이
오이한개,오이
청오이,오이
백오이,오이
다다기오이,오이
조선오이,오이
오이맛,오이
오이피클,오이
오이디톡스,오이
오이절임용,오이
늙은오이,오이
오이피클다진것,오이
다진오이,오이
오이지용,오이
오이초절임,오이
마른오징어나,오징어
오징어몸통,오징어
다진오징어,오징어
오징어포,오징어
오징어젓,오징어
진미채,오징어
생물오징어,오징어
오징어,오징어
오징어진미채,오징어
건오징어,오징어
물오징어,오징어
반건조오징어,오징어
오징어채,오징어
진미오징어채,오징어
오징어다리,오징어
솔방울오징어,오징어
마른오징어,오징어
오징어실채,오징어
옥돔,옥돔
옥수수캔용,옥수수
콘옥수수,옥수수
통조림옥수수,옥수수
옥수수알,옥수수
옥수수,옥수수
옥수수녹말,옥수수
옥수수팝콘용,옥수수
옥수수캔,옥수수
옥수수콘,옥수수
옥수수통조림,옥수수
삶은옥수수,옥수수
옥수수알이나,옥수수
찰옥수수,옥수수
옥수수끓이는,옥수수
캔옥수수,옥수수
옥수수전분,전분
옥수수가루,옥수수
옥수수전분가루,전분
올리브기름,올리브
검은올리브,올리브
올리브,올리브
올리브오일이나,올리브
올리브오일,올리브
블랙올리브,올리브
그린올리브,올리브
올리브유에,올리브유
엑스트라버진올리브유,올리브유
백설안달루시아산올리브유,올리브유
올리브유,올리브유
올리브유나,올리브유
포트와인,와인
와인,와인
화이트와인이나,와인
화이트와인,와인
레드와인,와인
완두,완두
완두콩,완두콩
플레인요플레,요구르트
요구르트,요구르트
플레인요구르트,요구르트
액상요구르트,요구르트
그릭요구르트,요구르트
그릭요거트,요구르트
요쿠르트,요구르트
플레인요거트,요구르트
떠먹는요구르트,요구르트
그릭,요구르트
요거트,요거트
떠먹는요거트,요구르트
요플레,요구르트
마시는요구르트,요구르트
용과,용과
토핑용과일,용과
우거지,우거지
배추우거지,우거지
다진우엉,우엉
우엉용,우엉
우엉,우엉
우엉삶은물,우엉
우엉조림,우엉
우엉볼,우엉
채썬우엉,우엉
흰우유,우유
커피우유,우유
찬우유,우유
우유나,우유
우유,우유
동물성우유,우유
냉동우유,우유
물또는우유,우유
우유와,우유
초코우유,우유
우유또는,우유
따뜻한우유,우유
저지방우유,우유
울금,울금
원추리,원추리
월계수잎,월계수잎
유자,유자
유자청,유자
유자차,유자
유채,유채
유채나물,유채
육포,육포
율무,율무
은행,은행
은행오일,은행
건자두,자두
자두와,자두
자두,자두
자몽,자몽
잔멸치,잔멸치
잣,잣
잣과,잣
잣또는,잣
잣가루,잣
다진잣,잣
장어볶을,장어
장어와,장어
장어,장어
재첩,재첩
적양배추,적양배추
적양배추채,적양배추
적포도주,적포도주
만개전복장의,전복
전복장,전복
전복,전복
전복내장,전복
애기전복,전복
전어,전어
스팸통조림,햄
통조림햄,햄
햄통조림,햄
반건조새우,새우
귤조림용,귤
조,조
닭가슴살통조림,닭
건조대파,파
건조허브,소금
식은조기구이,조기
조기,조기
좁쌀,좁쌀
주꾸미,쭈꾸미
주꾸미손질,쭈꾸미
채썬죽순,죽순
죽순,죽순
중국부추,중국부추
우리밀중력분,중력분
중력분코코아가루,중력분
중하,중하
중하새우나,중하
냉동새우중하,중하
쥐눈이콩,쥐눈이콩
쥐포채,쥐포
쥐포,쥐포
쪽파다진거,쪽파
썬쪽파,쪽파
깐쪽파,쪽파
송송썬쪽파,쪽파
쪽파,쪽파
대파나쪽파,쪽파
다진쪽파,쪽파
쪽파다진것,쪽파
쪽파나,쪽파
쪽파다짐,쪽파
쭈꾸미와,쭈꾸미
쭈꾸미,쭈꾸미
소고기차돌박이,차돌박이
차돌박이,차돌박이
차조또는,차조
차조,차조
참기름과,참기름
참기름없어,참기름
참기름,참기름
백설고소한참기름,참기름
참기름이나,참기름
들기름또는참기름,참기름
참기름또는들기름,참기름
백설참기름,참기름
볶은참깨,참깨
통참깨,참깨
참깨라떼,참깨
볶음참깨,참깨
참깨,참깨
참깨튀일,참깨
볶은참깨와,참깨
참당귀,참당귀
참외,참외
통조림참치,참치
참치액이나,참치
참치액젓이나,참치
참치통조림,참치
참치캔,참치
통조림참치캔,참치
야채참치,참치
사조참치,참치
으깬참치,참치
델큐브참치,참치
참치액,참치
캔참치,참치
큐브참치캔,참치
동원참치,참치
참치진국,참치
참치액젓또는,참치
큐브참치,참치
참치액젓,참치
참치,참치
채끝살,채끝살
쇠고기채끝살,채끝살
천도복숭아,천도복숭아
오천년의신비명품천일염,소금
천일염,소금
백설오천년의신비명품천일염,소금
청경채,청경채
청국장,청국장
청포도,청포도
체리잼,체리
체리청,체리
체리,체리
다크체리,체리
체리페퍼,체리
냉동체리,체리
초고추장이나,초고추장
초고추장,초고추장
총각무,총각무
깍뚜기총각무,총각무
블루치즈,치즈
치즈떡볶이떡,치즈
모따렐리,치즈
슬라이스피자치즈,치즈
치즈불닭볶음면,치즈
모자렐라,치즈
모차렐라슬라이스치즈,치즈
페코리노,치즈
쉬레드치즈,치즈
슬라이스치즈나,치즈
치즈피자,치즈
비건슬라이스치즈,치즈
빠르메쟈노,치즈
에멍딸치즈,치즈
피자치즈슬라이스,치즈
체더치즈슬라이스,치즈
모자렐라치즈,치즈
그라노파다노치즈,치즈
멕시칸믹스드치즈,치즈
까망베르치즈볼,치즈
파르메자노치즈,치즈
파르마산치즈,치즈
갈릭파마산치즈가루,치즈
까망베르슬라이스치즈,치즈
슬라이스치즈,치즈
모짤렐라치즈,치즈
체다치즈,치즈
슬라이즈치즈,치즈
마스카포네치즈,치즈
고다슬라이스치즈,치즈
그라다,치즈
화이트체다슬라이스,치즈
스트링치즈,치즈
모짤레라,치즈
치즈떡볶이,치즈
체더치즈,치즈
까망베르치즈,치즈
슬라이스체다치즈,치즈
치즈맛,치즈
오뚜기슈레드치즈,치즈
까망베르,치즈
파마산치즈,치즈
멕시칸믹스드치즈반컵,치즈
체다,치즈
피자용치즈,치즈
모짜또는,치즈
치즈가,치즈
체다슬라이드,치즈
모짤렐라,치즈
슬라이드치즈,치즈
체더슬라이스치즈,치즈
치즈,치즈
슬라이스모차렐라치즈,치즈
슬라이스고다치즈,치즈
치즈가루,치즈
스모크치즈,치즈
슬라이스치즈하,치즈
치즈볼을,치즈
그라나파다노치즈,치즈
콜비잭치즈,치즈
모차렐라치즈,치즈
치즈떡,치즈
하얀색슬라이스치즈,치즈
피자치즈,치즈
모짜,치즈
그라나빠다노,치즈
롤치즈,치즈
모차렐라,치즈
흰슬라이스치즈,치즈
잘게자른치즈,치즈
체다슬라이스치즈,치즈
마스카르포네치즈,치즈
파마산치즈가루,치즈
층치즈,치즈
치즈슬라이스,치즈
뮌스터슬라이스치즈,치즈
슈레드피자치즈,치즈
치즈크래미,치즈
치즈샌드,치즈
치즈콜비치즈와,치즈
녹는슬라이스치즈,치즈
그라나,치즈
페타치즈,치즈
고다치즈,치즈
치커리나,치커리
치커리와,치커리
레드치커리,치커리
치커리,치커리
칡,칡
칡뿌리,칡
카레용,카레
고형카레,카레
카레,카레
카레분말,카레
카레가루,카레
카망베르치즈,카망베르
카망베르,카망베르
카카오함량,카카오
카카오닙,카카오
카카오,카카오
페브드카카오쿠키,카카오
그뤼에카카오,카카오
카카오닙스,카카오
멜론,멜론
다진캐슈넛,캐슈넛
캐슈넛,캐슈넛
캐슈넛트,캐슈넛
케일,케일
쌈케일,케일
명태코다리,코다리
코다리,코다리
코코넛설탕,코코넛
코코넛롱,코코넛
코코넛,코코넛
코코넛오일,코코넛
코코넛밀크,코코넛
코코넛우유,코코넛
코코넛유,코코넛
코코넛슈거,코코넛
코코넛슈가,코코넛
코코넛시럽,코코넛
코코넛가루,코코넛
코코아파우더,코코아파우더
콜라비,콜라비
콜리플라워,콜리플라워
콩국수용,콩
검은콩식빵,콩
삶은콩,콩
줄기콩,콩
콩기름,콩
껍질콩,콩
콩물,콩
볶은콩가루,콩
콩단백,콩
행복한콩,콩
달콩,콩
국산콩,콩
콩삶은,콩
콩,콩
생콩가루,콩
콩불린,콩
칙피콩,콩
병아리콩,콩
콩가루,콩
콩가루또는,콩
날콩가루,콩
콩가루분말,콩
콩고기,콩
강남콩이나,콩
검은콩,콩
렌즈콩,콩
콩나물삶은,콩나물
콩나물육수,콩나물
데친콩나물,콩나물
콩나물무침,콩나물
콩나물이나,콩나물
콩나물,콩나물
퀴노아,퀴노아
건크랜베리와,크랜베리
건크랜베리,크랜베리
말린크랜베리,크랜베리
건조크랜베리,크랜베리
크랜베리주스,크랜베리
크랜베리,크랜베리
가나슈크림,크림
마스카포네크림,크림
카라멜크림,크림
크림소스,크림
캬라멜크림,크림
발사믹크림,크림
층크림,크림
커스타드크림,크림
초코크림,크림
시판크림스파게티소스,크림
커스터드크림,크림
샤워크림,크림
사우어크림,크림
발사믹크림소스,크림
크림파스타소스,크림
크림,크림
캐러멜크림,크림
시판크림소스,크림
크림치즈또는,크림치즈
슬라이스크림치즈,크림치즈
크림치즈,크림치즈
실온의크림치즈,크림치즈
키위와,키위
그린키위,키위
키위,키위
키조개,키조개
키조개관자,키조개
킹크랩,킹크랩
토란,토란
토란대양념,토란
토란대,토란
토란대나물,토란
토란줄기,토란
완숙토마토,토마토
오뚜기토마토,토마토
토마토페이스트,토마토
시판용토마토소스,토마토
대추방울토마토,토마토
채소토마토볶음,토마토
토마토와,토마토
생토마토,토마토
홀토마토,토마토
토마토,토마토
다진토마토,토마토
캔토마토,토마토
토마토케첩,토마토
홀토마토캔,토마토
찰토마토,토마토
토마토스파게티소스,토마토
토마토통조림,토마토
토마토케챱,토마토
대추토마토,토마토
체리토마토,토마토
토마토파스타소스,토마토
방울토마토,토마토
미니토마토,토마토
시판토마토소스,토마토
토마토홀,토마토
스파게티토마토소스,토마토
토마토케찹,케찹
톳,톳
대파잎,파
파뿌리나,파
다진흰파,파
파,파
파르메르산,치즈
대파다진것,파
건대파뿌리,파
대파흰부분다진것,파
대파흰줄기,파
대파가루,파
송송썬대파,파
대파밑단,파
구운대파,파
총총썬대파,파
대파흰,파
대파파란부분만,파
어슷썬파,파
말린대파뿌리,파
피클링스파이스,파
그라나파다나,치즈
대파반뿌리다진것,파
파채,파
피클스파이스,파
썬대파,파
대파뿌리째,파
스페인대파,파
쫑썬대파,파
채썬대파,파
곱게썬대파,파
큰대파,파
큼직하게썬대파,파
슈가파우더,파
대파큰줄기로,파
엔젤헤어파스타,파
작은대파,파
파이반죽,파
수염달린대파,파
다진대파,파
페투치네파스타면,파
자른대파,파
채썬파,파
대파채,파
파스타양념용,파
어슷썬대파,파
시중에서파는,파
그라나파다노,치즈
파우더슈거,파
파란,파
대파작은것,파
대파파란잎,파
흰대파,파
송송썬파,파
대파푸른부분,파
대파흰부분,파
대파잎만,파
대파소스용크기,파
파기름용,파
다진잔파,파
안티파스티에,파
대파흰뿌리,파
파이지,파
굵은대파,파
대파흰부분만,파
말린파한줌,파
통대파,파
허니파우더,파
말린대파,파
파스타,파
대파초록잎부분,파
데코용슈가파우더,파
대파휜부분,파
파소스,파
스파이시,파
대파심지,파
대파썬거,파
대파윗대,파
대파썬것,파
대파작은거,파
대파대,파
대파흰대,파
썬대파또는,파
대파아주얇고작은것,파
잔파,파
중파,파
칠리파우더,파
파메르산,치즈
썬대파잎,파
썬파,파
잘게다진대파,파
흰부분대파,파
흰파,파
다진파,파
썰은대파,파
대파,파
대파혹은,파
대파뿌리만,파
대파절임용,파
파흰부분채썬것,파
대파의,파
잔파가,파
대파와,파
파기름,파
대파뿌리와,파
슈거파우더,파
대파등,파
대파썰어,파
갈릭파우더,파
넛멕파우더,파
대파다진거,파
파약간,파
파르미지아노,치즈
가는파,파
파와,파
대파슬라이스,파
대파초록부분,파
잘게썬대파,파
쏭쏭썬대파,파
파르미지아노레지아노,치즈
파란잎대파,파
대파뿌리,파
스파게티용,파
대파잘게썬것,파
파우더슈가,서랑
대파썰은거,파
파낸,파
대파자른것,파
대파나,파
파에산,파
대파뿌리채,파
대파줄기,파
파르팔레,파
파뿌리,파
요거트파우더,요구르트
생파래,파래
파래,파래
파래김,파래
파래씻을,파래
파래전,파래
건파슬리가루,파슬리
파슬리가루나,파슬리
이탈리안파슬리,파슬리
파슬리후레이크,파슬리
다진파슬리,파슬리
파슬리나,파슬리
파슬리,파슬리
파슬리가루,파슬리
파슬리찹,파슬리
이태리파슬리,파슬리
생파인애플,파인애플
통조림파인애플,파인애플
파인애플통조림,파인애플
다진파인애플,파인애플
파인애플,파인애플
파파야,파파야
파프리카,파프리카
붉은파프리카,파프리카
파프리카가루,파프리카
초록파프리카,파프리카
녹색파프리카,파프리카
빨강파프리카가루,파프리카
빨강파프리카,파프리카
다진홍파프리카,파프리카
파프리카다진것,파프리카
파프리카분말,파프리카
파프리카빨강,파프리카
파프리카시즈닝,파프리카
파프리카나,파프리카
노란색파프리카,파프리카
채썬빨강파프리카,파프리카
청파프리카,파프리카
주황파프리카,파프리카
파프리카파우더,파프리카
다진청파프리카,파프리카
노란파프리카,파프리카
미니파프리카,파프리카
빨간파프리카,파프리카
파프리카노랑,파프리카
훈제파프리카가루,파프리카
다진파프리카,파프리카
황파프리카,파프리카
적파프리카,파프리카
홍파프리카,파프리카
노랑파프리카,파프리카
삼색파프리카,파프리카
팥,팥
팥삶을때,팥
붉은팥,팥
빙수팥,팥
팥앙금,팥
팥빙수용,팥
팥빙수,팥
팽이버섯적당량,팽이버섯
다진팽이버섯,팽이버섯
팽이버섯,팽이버섯
팽이버섯또는다른,팽이버섯
포도쨈이나,포도
포도씨오일이나,포도
포도,포도
포도잼이나,포도
포도씨,포도
포도주,포도
표고버섯우린,표고버섯
표고버섯,표고버섯
불린건표고버섯,표고버섯
표고버섯이나,표고버섯
건표고,표고버섯
표고버섯육수,표고버섯
불린표고버섯,표고버섯
채썬표고버섯,표고버섯
건표고버섯,표고버섯
말린표고버섯,표고버섯
표고나,표고버섯
마른표고버섯,표고버섯
표고버섯기둥,표고버섯
표고버섯불린,표고버섯
표고,표고버섯
표고가루,표고버섯
말린표고,표고버섯
표고버섯가루,표고버섯
표고불린,표고버섯
다진표고버섯,표고버섯
표고버섯과,표고버섯
생표고버섯,표고버섯
풋고추,풋고추
풋고추또는,풋고추
다진풋고추,풋고추
풋고추나,풋고추
피망이나,피망
피망다진것,피망
붉은피망,피망
청피망,피망
빨간피망채썬것,피망
노란피망,피망
다진청피망,피망
다진홍피망,피망
주황피망채썬것,피망
초록피망채썬것,피망
피망,피망
빨강피망,피망
노랑피망채썬것,피망
빨간피망,피망
노랑피망,피망
홍피망,피망
홍피망과,피망
피스타치오,피스타치오
피스타치오와,피스타치오
피조개살,피조개
자숙피조개,피조개
피조개,피조개
피칸테,피칸
피칸,피칸
피칸가루,피칸
피칸다진것,피칸
한라봉청,한라봉
한라봉,한라봉
할라페뇨,할라피뇨
할라피뇨,할라피뇨
할라피뇨또는,할라피뇨
다진할라피뇨,할라피뇨
항정살,항정살
해삼,해삼
헤이즐넛,헤이즐넛
메티에헤이즐넛향시럽,헤이즐넛
헤이즐넛과,헤이즐넛
메티에헤이즐넛향시럽미니,헤이즐넛
헤이즐넛시럽,헤이즐넛
습식현미,현미
발아현미,현미
불린현미와,현미
현미,현미
현미유,현미
현미떡볶이떡,현미
현미잡곡,현미
현미찰,현미
현미밥,현미
수라간현미,현미
순현미,현미
현미쌀,현미
찹쌀현미,현미
현미건식,현미
찰현미,현미
호두와,호두
호두등,호두
호두분태,호두
통호두,호두
호두나,호두
호두가루,호두
호두,호두
다진호두,호두
깐호두,호두
호박약간,호박
찐호박,호박
호박전,호박
삶은호박,호박
호박삶는,호박
쥬키니호박,호박
호박,호박
말린호박,호박
조선호박,호박
늙은호박,호박
미니밤호박,호박
채썬호박,호박
건호박,호박
밤호박,호박
미니밤호박이나,호박
돼지호박,호박
둥근호박,호박
해남밤호박,호박
호박가루,호박
호박절임,호박
말린호박이나,호박
호박씨,호박씨
호박잎,호박잎
홍당무,홍당무
홍삼타임,홍삼
홍삼진액,홍삼
홍삼액기스,홍삼
홍삼엑기스,홍삼
홍삼농축액,홍삼
홍삼맥기스,홍삼
홍삼즙,홍삼
홍삼,홍삼
홍시,감
홍어,홍어
홍합,홍합
그린홍합,홍합
홍합육수,홍합
건홍합,홍합
초록입홍합,홍합
마른홍합,홍합
홍합살,홍합
말린홍합,홍합
황기,황기
황도,황도
황도캔,황도
황태,황태
황태육수,황태
황태나,황태
황태대가리,황태
황태포,황태
황태머리,황태
천연조미료황태,황태
황태껍질,황태
통후추,후추
흑후추가루,후추
흰후추,후추
그라인드후추,후추
후추톡톡,후추
백후추가루,후추
흑후추,후추
굵은후춧가루,후추
흰색후추가루,후추
굵은후추,후추
후추가루,후추
후추와,후추
흰후추가루,후추
후추,후추
후추약간,후추
후추가루와,후추
백후추,후추
휘핑크림,휘핑크림
식물성휘핑크림,휘핑크림
흑미,흑미
흑미밥,흑미
흑미쌀,흑미
흰콩,흰콩
히비스커스,히비스커스
가재,가재
바닷가재,가재
가죽나물,가죽나물
감식초,감식초
감태,감태
우리밀강력분,강력분
꽃개,게
닭날개,닭
개,개
통겨자,겨자
겨자나,겨자
겨자,겨자
겨자가루,겨자
갠겨자,겨자
겨자분,겨자
겨자가루나,겨자
씨겨자,겨자
겨자소스,겨자
연겨자,겨자
고구마순,고구마순
상하고다,고다
한입고다,고다
고다,고다
고르곤졸라,고르곤졸라
고르곤졸라치즈,고르곤졸라
곤약잡채,곤약
곤약,곤약
곤약면,곤약
실곤약,곤약
곤약볶음양념,곤약
곰취,곰취
구운양파,구운양파
백설남해굴소스,굴소스
매운굴소스,굴소스
해물굴소스,굴소스
굴소스,굴소스
전복굴소스,굴소스
그뤼에르,그뤼에르
까나리,까나리
까나리액젓,까나리
꼬시래기,꼬시래기
꾸리살,꾸리살
날치알,날치알
넛맥파우더,넛맥
넛맥,넛맥
넛맥가루,넛맥
말린노가리머리,노가리
노가리머리,노가리
반건조노가리,노가리
노가리,노가리
노란콩,노란콩
노루궁뎅이버섯,노루궁뎅이버섯
다랑어,다랑어
참다랑어,다랑어
단호박가루,단호박가루
닭발,닭발
통닭발,닭발
무뼈닭발,닭발
도다리,도다리
도루묵,도루묵
도미,도미
인도미,도미
동죽,동죽
동죽이나,동죽
동죽조개,동죽
돼지감자,돼지감자
자색돼지감자,돼지감자
돼지감자가루,돼지감자
말린돼지감자,돼지감자
두반장소스,두반장
두반장,두반장
들기름,들기름
들기름또는,들기름
들기름과,들기름
양반들기름,들기름
들기름이나,들기름
백설들기름,들기름
딜,딜
땅콩버터,땅콩버터
미니로메인,로메인
로메인상추,로메인
로메인,로메인
로메인이나쌈야채,로메인
롤라로사,롤라로사
루꼴라,루꼴라
마가린,마가린
마카다미아,마카다미아
맛술이나,맛술
맛술반컵,맛술
요리용맛술,맛술
맛술,맛술
머위,머위
머위대,머위대
메로,메로
메밀가루나,메밀가루
메밀가루,메밀가루
메이플시럽,메이플시럽
목이버섯,목이버섯
문스터,문스터
미꾸라지,미꾸라지
미림이나,미림
미림,미림
염장미역줄기,미역줄기
미역줄기,미역줄기
민어,민어
마른민어,민어
바나나식초,바나나식초
바닐라익스트랙,바닐라
바닐라오일,바닐라
바닐라향,바닐라
바닐라엣센스,바닐라
바닐라,바닐라
바닐라익스트렉,바닐라
바닐라설탕,바닐라
바닐라에센스,바닐라
바닐라빈,바닐라
바닐라엑스트렉,바닐라
바닐라맛,바닐라
바닐라시럽,바닐라
바닐라럼주,바닐라
박대,박대
배식초,배식초
백년초가루,백년초가루
뱅어,뱅어
뱅어포,뱅어
베이킹소다,베이킹소다
보리새우,보리새우
건보리새우,보리새우
볼락,볼락
부세,부세
비지,비지
비지또는,비지
콩비지,비지
배사과식초,사과식초
사과식초,사과식초
실온사워크림,사워크림
사워크림,사워크림
사탕수수,사탕수수
산마늘,산마늘
산초가루,산초
산초,산초
삼치,삼치
적샬롯,샬롯
다진샬롯,샬롯
샬롯피클,샬롯
튀긴샬롯,샬롯
샬롯,샬롯
굵은샬롯,샬롯
석이,석이
석이버섯,석이버섯
송로버섯,송로버섯
트러플,송로버섯
쇼트닝,쇼트닝
스테비아,스테비아
식초나,식초
식초와,식초
천연발효식초,식초
천연식초,식초
양조식초,식초
식초,식초
식초또는,식초
발사믹식초,식초
흑미쌀가루,쌀가루
베이킹용쌀가루,쌀가루
현미쌀가루,쌀가루
쌀가루,쌀가루
박력쌀가루,쌀가루
강력쌀가루,쌀가루
멥쌀가루,쌀가루
습식찹쌀가루,쌀가루
쌀가루박력분,쌀가루
찹쌀가루,쌀가루
찹쌀가루또는,쌀가루
건찹쌀가루,쌀가루
건식찹쌀가루,쌀가루
맵쌀가루,쌀가루
아가베시럽이나,아가베시럽
아가베시럽또는,아가베시럽
아가베시럽,아가베시럽
아구,아귀
아귀,아귀
소고기아롱사태,아롱사태
아롱사태,아롱사태
아사이베리,아사이베리
아욱,아욱
아위,아위
앞다리살,앞다리살
쇠고기앞다리살,앞다리살
돼지앞다리살,앞다리살
소고기앞다리살,앞다리살
야콘,야콘
약콩,약콩
쥐눈이약콩생,약콩
양미리,양미리
양배추잎,양배추잎
소고기양지머리,양지머리
양지머리,양지머리
쇠고기양지머리,양지머리
양파가루,양파가루
어간장,어간장
얼갈이배추,얼갈이배추
에담,에담
에멘탈치즈,에멘탈
슬라이스에멘탈치즈,에멘탈
에멘탈,에멘탈
에멘탈치즈나,에멘탈
에멘탈치즈슬라이스,에멘탈
엔다이브,엔다이브
가당연유,연유
연유,연유
연유나,연유
열빙어,열빙어
오레가노홀,오레가노
오레가노,오레가노
오레가노가루,오레가노
오리알,오리알
오일과,오일
튀김오일,오일
카놀라오일,오일
칠리오일,오일
해바라기씨오일,오일
오일,오일
쿠킹오일,오일
오일또는,오일
오일이나,오일
허브오일,오일
오징어먹물,오징어먹물
오트밀크럼블,오트밀
오트밀,오트밀
옥수수수염,옥수수수염
올방개묵,올방개묵
와사비,와사비
생와사비,와사비
연와사비,와사비
우둔살,우둔살
우둔살양념,우둔살
한우우둔살,우둔살
우럭,우럭
우무,우무
우무용,우무
우무묵,우무
우뭇가사리,우뭇가사리
유부주머니,유부
유부초밥,유부
유부초밥용,유부
유부,유부
유부초밥에,유부
유채유,유채유
은어,은어
임연수어,임연수어
자색고구마,자색고구마
적겨자,적겨자
정향,정향
조청,조청
쌀조청,조청
조청시럽,조청
조청이나,조청
주키니,주키니
주키니호박,주키니
고지방,지방
무지방,지방
저지방,지방
지방,지방
차이브몇,차이브
차이브,차이브
참나물,참나물
청포묵,청포묵
체더슬라이스,체더
체더,체더
초,초
짜장분말가루,춘장
짜장스프,춘장
짜장,춘장
짜장분말,춘장
자장가루,춘장
춘장,춘장
짜장가루,춘장
자장,춘장
짜장라면,춘장
자장소스,춘장
말린취나물,취나물
곰취나물,취나물
취나물,취나물
건취나물,취나물
치아씨,치아씨
치아씨드,치아씨
치킨스톡큐브,치킨
닭 육수,치킨파우더
치킨파우더,치킨파우더
치킨스톡,치킨
치킨육수,치킨
닭육수,닭
치킨스탁,치킨
코티지,코티지
클로브,클로브
타로,타로
타바스코소스,타바스코
타바스코,타바스코
건타임,타임
타임,타임
타임이나,타임
틸라피아,틸라피아
파르메산,치즈
파르메산치즈가루,치즈
파르메산치즈,치즈
팔각,팔각
페스토,페스토
바질페스토,페스토
페타,페타
페페로니,페페로니
포도씨유나,포도씨유
포도씨유,포도씨유
폰즈,폰즈
폰즈소스,폰즈
프로슈토,프로슈토
커피,커피
커피가루,커피
인스턴트커피가루,커피
할리피뇨,할라피뇨
카누커피,커피
피,피
커피믹스,카피
인스턴트원두커피,커피
인스턴트커피,커피
피클슬라이스,피클
스위트피클,피클
피클링,피클
한천,한천
한천가루,한천
해바라기씨유,해바라기씨유
현미식초,현미식초
호밀식빵,호밀
호밀,호밀
호밀빵,호밀
호밀가루,호밀
호박고구마,호박고구마
홍국,홍국
홍국쌀,홍국
홍초,홍초
말린황금,황금
황금향,황금
황금,황금
황태채,황태채
효모,효모
대추흑설탕,흑설탕
백설흑설탕,흑설탕
비정제흑설탕,흑설탕
흑설탕,흑설탕
유기농흑설탕,흑설탕
흑설탕갈색,흑설탕
유기흑설탕,흑설탕
훅임자,흑임자
검은통깨,흑임자
검정통깨,흑임자
검은깨,흑임자
검은깨와,흑임자
흑임자,흑임자
검정깨,흑임자
검은깨나,흑임자
흑초,흑초
흰다리새우살,흰다리새우
흰다리새우,흰다리새우
흰목이,흰목이
핀젤라틴,젤라틴
판젤리틴,젤라틴
판젤라틴,젤라틴
젤라틴,젤라틴
가루젤라틴,젤라틴
젤리,젤라틴
젤라틴가루,젤라틴
얇은떡볶이떡,떡
길쭉이떡볶이떡,떡
떡국용,떡
떡볶을때,떡
떡볶이,떡
떡국면,떡
떡국떡,떡
떡볶이떡,떡
찰떡,떡
오색떡볶이,떡
떡용,떡
떡집,떡
떡뽁이,떡
호떡믹스,떡
흰떡,떡
오색떡볶이떡,떡
떡사리나,떡
가래떡,떡
떡볶이떡이나,떡
떡,떡
냉장떡볶이,떡
호떡,떡
떡사리,떡
떡볶이용,떡
떡볶이의신,떡
떡꼬치,떡
떡국,떡
가오리,가오리
얼음,얼음
버섯,버섯
만가닥버섯,만가닥버섯
맛타리버섯,맛타리버섯
잎새버섯,잎새버섯
참타리버섯,참타리버섯
간,간
갈비,갈비
블랙타이거새우,새우
새우살,새우
손질새우,새우
킹칵테일새우,새우
새우,새우
냉동쉬림프새우,새우
칵테일생새우,새우
칵테일새우와새우살,새우
타이거새우,새우
익힌새우살,새우
칵테일새우살,새우
홍새우살,새우
자숙새우살,새우
냉동흰새우,새우
생새우살,새우
자숙새우또는,새우
칵테일냉동새우,새우
자숙새우,새우
생새우,새우
냉동생새우살,새우
냉동새우살,새우
냉동새우,새우
냉동알새우,새우
생새우나,새우
다진새우살,새우
칵테일새우,새우
냉동생새우,새우
왕새우,새우
블랙타이거,새우
칵세일새우,새우
우동,우동
게,게
크래미게살,맛살
게맛살이나,맛살
맛살,맛살
게살크래미,맛살
통크래미,맛살
게맛,맛살
크래미,맛살
크래미나,맛살
게맛살,맛살
크래미맛살,맛살
견과류,견과류
만두용,만두
김치왕만두,만두
물만두,만두
고기왕만두,만두
왕만두,만두
냉동만두,만두
군만두,만두
만두,만두
고기만두,만두
고운청양고춧가루,고춧가루
고춧가루,고춧가루
청량고춧가루,고춧가루
고운고춧가루,고춧가루
굵은고춧가루,고춧가루
고추가루,고춧가루
베트남고추가루,고춧가루
청양고추가루,고춧가루
청양고춧가루,고춧가루
고운고추가루,고춧가루
가는고춧가루,고춧가루
굵은고추가루,고춧가루
청량고추가루,고춧가루
베트남고춧가루,고춧가루
중간고춧가루,고춧가루
건곤드레나물,곤드레
건곤드레,곤드레
곤드레나물,곤드레
냉동곤드레,곤드레
광어,광어
국수,국수
귤,귤
소세지,소세지
깍두기,깍두기
들깨,깨
들깨가루,깨
들깨기름,깨
통깨나,깨
으깬통깨,깨
볶음통깨,깨
들깻가루,깨
볶은깨,깨
깨,깨
통깨,깨
통들깨,깨
통깨와,깨
꿀이나,꿀
꿀,꿀
낫또,낫또
딸기,딸기
라면,라면
말차가루,녹차
말차,녹차
누룽지,누룽지
누텔라,누텔라
닭가슴살,닭
닭갈비,닭
닭다리,닭
닭똥집,닭
닭봉,닭
닭안심,닭
닭윙,닭
닭껍질,닭
순닭가슴살,닭
아임닭,닭
맑은닭국물맛이나는,닭
매운불닭,닭
닭가슴살또는,닭
닭가슴살캔,닭
샘표안동찜닭양념장,닭
닭도리탕용,닭
닭다리순살,닭
닭모래주머니,닭
닭모래집,닭
닭밑간,닭
닭도리탕,닭
닭삶은,닭
닭다리살에,닭
닭다리나,닭
닭다리살,닭
토종닭,닭
닭곰탕,닭
볶음용닭,닭
닭봉과,닭
닭볶음탕용으로,닭
닭윙과,닭
닭,닭
훈제닭가슴살,닭
온가족닭매운탕,닭
닭국물,닭
영계닭,닭
캔닭가슴살,닭
중간닭,닭
닭볶음탕용,닭
닭갈비용,닭
통닭용,닭
바르닭,닭
통닭,닭
달콤찜닭,닭
닭가슴살소세지,소시지
생닭,닭
중닭,닭
닭볶음용,닭
닭정육,닭
닭안심또는,닭
닭안심이나,닭
볶음탕용닭,닭
닭다리살이나,닭
닭볶음탕,닭
닭가슴살이나,닭
닭도리용,닭
닭허벅지살,닭
찜닭용,닭
토막닭,닭
닭볶음,닭
닭가슴살치킨,치킨
도토리가루,도토리
도토리묵,도토리
도토리,도토리
동치미안의,동치미
동치미용,동치미
동치미,동치미
동태머리,동태
동태,동태
동태살,동태
동태내장,동태
포뜬동태,동태
손질한동태,동태
토막동태,동태
동태알,동태
동태곤이,동태
절단동태,동태
동태큰넘,동태
동태포,동태
동태포장된거,동태
동태전,동태
돼지비계,돼지
돼지전지살,돼지
돼지등갈비,돼지
돼지등심,돼지
돼지기름,돼지
돼지뒷다리,돼지
돼지수육,돼지
돼지목살,돼지
돼지등뼈,돼지
돼지뒷다리살,돼지
돼지목심,돼지
돼지안심,돼지
돼지갈비,돼지
한돈돼지갈비,돼지
흑돼지,돼지
돼지,돼지
돼지껍데기,돼지
두유나,두유
두유,두유
두유요거트,두유
두유요거트나,두유
라이스페이퍼,라이스페이퍼
럼주,럼주
링귀니,링귀니
막걸리,막걸리
메론,메론
목살,목살
번데기,번데기
보드카,보드카
복분자,복분자
브라질너트,브라질너트
비름,비름
새싹채소,새싹채소
생태,생태
소갈비,소갈비
소등심,소등심
순대,순대
스리라차,스리라차
스팸또는,햄
햄슬라이스,햄
하몬,햄
진주햄,햄
햄,햄
스팸류,햄
스팸,햄
프랭크햄,햄
스팸이나,햄
하몽,햄
햄과,햄
월계수,월계수
이면수,이면수
전분이나,전분
녹말가루나,전분
물전분,전분
녹말가루,전분
녹말물,전분
전분,전분
전분가루,전분
물녹말,전분
전분물,전분
녹말,전분
전분혹은,전분
남은치킨또는,치킨
치킨너겟,치킨
치킨,치킨
치킨윙,치킨
남은치킨,치킨
식은치킨,치킨
후라이드치킨,치킨
순살치킨,치킨
남은순살치킨,치킨
코코아,코코아
캐챂,케찹
케챂,케찹
케첩과,케찹
케쳡,케찹
케찹,케찹
케첩이나,케찹
케첩,케찹
케찹이나,케찹
케챱,케찹
푸실리,푸실리
해바라기씨,해바라기씨
김치용,김치
백김치국물,김치
매운김치,김치
무김치,김치
파김치,김치
신김치,김치
포기김치용,김치
볶음김치용,김치
김치국물,김치
총각김치또는,김치
김치속,김치
볶음김치,김치
묵은김치,김치
포기김치,김치
씻은김치,김치
베이컨,햄
고추장,고추장
김치,김치
